<?xml version="1.0" encoding="UTF-8"?>
<project-private xmlns="http://www.netbeans.org/ns/project-private/1">
    <editor-bookmarks xmlns="http://www.netbeans.org/ns/editor-bookmarks/2" lastBookmarkId="0"/>
    <open-files xmlns="http://www.netbeans.org/ns/projectui-open-files/2">
        <group>
            <file>file:/C:/belgeler/NetBeansProjects/Element%20Memory%20Game/src/element/memory/game/Main.java</file>
            <file>file:/C:/belgeler/NetBeansProjects/Element%20Memory%20Game/src/element/memory/game/Element.java</file>
            <file>file:/C:/belgeler/NetBeansProjects/Element%20Memory%20Game/src/element/memory/game/ElementButton.java</file>
            <file>file:/C:/belgeler/NetBeansProjects/Element%20Memory%20Game/src/element/memory/game/GameEngine.java</file>
            <file>file:/C:/belgeler/NetBeansProjects/Element%20Memory%20Game/src/element/memory/game/GameWindow.java</file>
            <file>file:/C:/belgeler/NetBeansProjects/Element%20Memory%20Game/src/element/memory/game/MenuWindow.java</file>
            <file>file:/C:/belgeler/NetBeansProjects/Element%20Memory%20Game/src/element/memory/game/DatabaseManager.java</file>
        </group>
    </open-files>
</project-private>
